"Phylum","Class","Order","Family","Genus","Organism_Name","Dataset","Known_Log_Lifespan","Predicted_Log_Lifespan_Model_Averaging","Predicted_Log_Lifespan_Bagging","Parthenogenesis","Fission.Budding","Highly.dormant.eggs","Dormant.state.in.other.than.egg.stage","More.than.one.type.of.life.cycles","Eusociality","Eusociality.level","Host.number"
"Nematoda","Chromadorea","Rhabditida","Metastrongylidae","Angiostrongylus","Angiostrongylus costaricensis","Train",5.21194215080129,6.42679418970094,6.52131468488916,0,0,0,0,0,0,0,2
"Nematoda","Chromadorea","Rhabditida","Onchocercidae","Dirofilaria","Dirofilaria repens","Train",7.8835217376514,6.66091877733123,6.56187997077996,0,0,0,0,0,0,0,2
"Nematoda","Chromadorea","Rhabditida","Heligmosomidae","Nippostrongylus","Nippostrongylus brasiliensis","Train",5.78048628116713,5.4798931465622,5.42293578454033,0,0,0,0,0,0,0,1
"Nematoda","Chromadorea","Rhabditida","Rhabditidae","Caenorhabditis","Caenorhabditis brenneri","Train",3.76120011569356,3.71720305040619,3.66673363949401,0,0,0,0,0,0,0,0
"Nematoda","Chromadorea","Rhabditida","Ancylostomatidae","Ancylostoma","Ancylostoma caninum","Train",6.70410793547343,5.82553085763272,5.75763772388335,0,0,0,0,0,0,0,1
"Nematoda","Chromadorea","Rhabditida","Trichostrongylidae","Teladorsagia","Teladorsagia circumcincta","Train",5.67482557456854,5.68981108555737,5.68519423711244,0,0,0,0,0,0,0,1
"Nematoda","Chromadorea","Rhabditida","Rhabditidae","Caenorhabditis","Caenorhabditis nigoni","Train",2.89037175789616,3.70116657259062,3.74901229652387,0,0,0,0,0,0,0,0
"Nematoda","Chromadorea","Rhabditida","Onchocercidae","Dipetalonema","Dipetalonema caudispina","Train",6.5402721363268,7.38877009631957,7.46429354315524,0,0,0,0,0,0,0,2
"Nematoda","Enoplea","Rhabditida","Trichinellidae","Trichinella","Trichinella zimbabwensis","Train",4.0943445622221,6.17270328396514,6.49220533735471,0,0,0,0,0,0,0,1
"Nematoda","Chromadorea","Rhabditida","Rhabditidae","Pelodera","Pelodera strongyloides","Train",2.7408400239252,5.79099232895449,6.17666427970621,0,0,0,0,0,0,0,0
"Nematoda","Chromadorea","Rhabditida","Onchocercidae","Acanthocheilonema","Acanthocheilonema viteae","Train",6.59331846922154,7.16866298532966,7.21280485807435,0,0,0,0,0,0,0,2
"Nematoda","Chromadorea","Rhabditida","Neodiplogasteridae","Pristionchus","Pristionchus arcanus","Train",4.38202663467388,5.5897986254654,5.7276562950024,0,0,0,0,0,0,0,0
"Nematoda","Chromadorea","Rhabditida","Onchocercidae","Wuchereria","Wuchereria bancrofti","Train",8.55576615886602,7.36319888663785,7.28539004483288,0,0,0,0,0,0,0,2
"Nematoda","Chromadorea","Rhabditida","Onchocercidae","Dirofilaria","Dirofilaria immitis","Train",7.82768936577109,6.68969171894125,6.61053547074772,0,0,0,0,0,0,0,2
"Nematoda","Chromadorea","Rhabditida","Neodiplogasteridae","Pristionchus","Pristionchus exspectatus","Train",4.93087032562739,5.46725287848178,5.49006931394709,0,0,0,0,0,0,0,0
"Nematoda","Chromadorea","Rhabditida","Onchocercidae","Brugia","Brugia pahangi","Train",7.57872586661801,7.3253933935669,7.34597925719138,0,0,0,0,0,0,0,2
"Nematoda","Chromadorea","Rhabditida","Rhabditidae","Caenorhabditis","Caenorhabditis monodelphis","Train",2.99573227355399,4.31331693687751,4.46565456903173,0,0,0,0,0,0,0,0
"Nematoda","Chromadorea","Rhabditida","Rhabditidae","Caenorhabditis","Caenorhabditis angaria","Train",3.17805383034795,3.48513896068737,3.49245795305069,0,0,0,0,0,0,0,0
"Nematoda","Chromadorea","Rhabditida","Dracunculidae","Dracunculus","Dracunculus medinensis","Train",6.15006957728462,5.90320629767458,5.87041429735592,0,0,0,0,0,0,0,2
"Nematoda","Chromadorea","Rhabditida","Onchocercidae","Onchocerca","Onchocerca volvulus","Train",8.26176531449379,6.83630505151328,6.726494748237,0,0,0,0,0,0,0,2
"Nematoda","Chromadorea","Rhabditida","Rhabditidae","Poikilolaimus","Poikilolaimus oxycercus","Train",4.81218435537242,3.78100748942783,3.26374175843323,0,0,0,0,0,0,0,0
"Nematoda","Chromadorea","Rhabditida","Strongylidae","Strongylus","Strongylus vulgaris","Train",7.79821525082177,6.09724842803914,5.92185788694126,0,0,0,0,0,0,0,1
"Nematoda","Chromadorea","Rhabditida","Onchocercidae","Cercopithifilaria","Cercopithifilaria johnstoni","Train",6.35415262586009,7.16843920147157,7.21306089291552,0,0,0,0,0,0,0,3
"Nematoda","Chromadorea","Rhabditida","Metastrongylidae","Angiostrongylus","Angiostrongylus vasorum","Train",7.13651900747213,6.43658481056454,6.35968679457911,0,0,0,0,0,0,0,2
"Nematoda","Chromadorea","Rhabditida","Rhabditidae","Oscheius","Oscheius dolichura","Train",3.78191432008113,4.97134334306403,5.10093617179013,0,0,0,0,0,0,0,0
"Nematoda","Chromadorea","Rhabditida","Ascarididae","Toxascaris","Toxascaris leonina","Train",6.05336286730848,7.05063355228444,7.30682165897079,0,0,0,0,0,0,0,1
"Nematoda","Chromadorea","Rhabditida","Onchocercidae","Brugia","Brugia timori","Train",7.8739783796045,7.23327001202403,7.19259397650261,0,0,0,0,0,0,0,2
"Nematoda","Chromadorea","Rhabditida","Rhabditidae","Caenorhabditis","Caenorhabditis macrosperma","Train",2.56494935746154,3.46802784465736,3.5427527639339,0,0,0,0,0,0,0,0
"Nematoda","Chromadorea","Rhabditida","Neodiplogasteridae","Pristionchus","Pristionchus mayeri","Train",4.34380542185368,5.89593918038602,6.16140020528593,0,0,0,0,0,0,0,0
"Nematoda","Chromadorea","Rhabditida","Trichostrongylidae","Haemonchus","Haemonchus contortus","Train",6.72035417643148,5.70364233913528,5.6368944693493,0,0,0,0,0,0,0,1
"Nematoda","Chromadorea","Rhabditida","Trichostrongylidae","Cooperia","Cooperia oncophora","Train",6.03588007721808,5.62580401370081,5.56539023991421,0,0,0,0,0,0,0,1
"Nematoda","Chromadorea","Rhabditida","Pratylenchidae","Radopholus","Radopholus similis","Train",5.11223876107712,5.24881076535676,5.21454703502655,0,0,0,0,0,0,0,1
"Nematoda","Chromadorea","Rhabditida","Rhabditidae","Oscheius","Oscheius tipulae","Train",3.25809653802148,4.47147462214464,4.67766571174792,0,0,0,0,0,0,0,0
"Nematoda","Chromadorea","Rhabditida","Rhabditidae","Auanema","Auanema rhodensis","Train",2.39789527279837,4.68662461420707,5.13145328047462,0,0,0,0,0,0,0,0
"Nematoda","Chromadorea","Rhabditida","Trichostrongylidae","Haemonchus","Haemonchus placei","Train",5.1662135259147,5.68121331407811,5.66481511975356,0,0,0,0,0,0,0,1
"Nematoda","Chromadorea","Rhabditida","Onchocercidae","Onchocerca","Onchocerca lupi","Train",8.04928336862708,6.92910211990721,6.85354201775898,0,0,0,0,0,0,0,2
"Nematoda","Chromadorea","Rhabditida","Panagrolaimidae","Panagrellus","Panagrellus redivivus","Train",3.48966602964976,3.87048178750328,3.85815503545642,0,0,0,0,0,0,0,0
"Nematoda","Chromadorea","Rhabditida","Ancylostomatidae","Necator","Necator americanus","Train",8.43451182029693,5.82920226025528,5.58883191626463,0,0,0,0,0,0,0,1
"Nematoda","Chromadorea","Rhabditida","Onchocercidae","Brugia","Brugia malayi","Train",7.89256597053808,7.23481809845719,7.21826595878729,0,0,0,0,0,0,0,2
"Mollusca","Polyplacophora","Chitonida","Tonicellidae","Lepidochitona","Lepidochitona cinerea","Train",7.03933163677086,7.24956303266369,7.26905429600835,0,0,0,0,0,0,0,0
"Mollusca","Polyplacophora","Chitonida","Mopaliidae","Katharina","Katharina tunicata","Train",8.73311069763871,7.64906529939803,7.58491638327052,0,0,0,0,0,0,0,0
"Mollusca","Polyplacophora","Chitonida","Chitonidae","Acanthopleura","Acanthopleura granulata","Train",7.63523343305301,8.85473375803064,8.95298254528705,0,0,0,0,0,0,0,0
"Mollusca","Polyplacophora","Chitonida","Mopaliidae","Cryptochiton","Cryptochiton stelleri","Train",9.20800431221205,7.72737512481856,7.5899754539511,0,0,0,0,0,0,0,0
"Arthropoda (Chelicerata)","Arachnida","Araneae","Linyphiidae","Linyphia","Linyphia triangularis","Train",5.57831372945503,5.53340183636796,5.52606716469372,0,0,0,0,0,0,0,0
"Arthropoda (Chelicerata)","Arachnida","Araneae","Nephilidae","Trichonephila","Trichonephila clavipes","Train",5.89989735358249,5.49374670913497,5.47530974120248,0,0,0,0,0,0,0,0
"Arthropoda (Chelicerata)","Arachnida","Araneae","Araneidae","Larinioides","Larinioides sclopetarius","Train",6.38856140554563,5.69262743079357,5.65266143611459,0,0,0,0,0,0,0,0
"Arthropoda (Chelicerata)","Arachnida","Araneae","Theraphosidae","Acanthoscurria","Acanthoscurria geniculata","Train",8.15794350710504,7.49850378185815,7.43665838897002,0,0,0,0,0,0,0,0
"Mollusca","Cephalopoda","Sepiida","Sepiidae","Ascarosepion","Ascarosepion bandense","Train",5.61221528113071,5.96637937129993,5.98466250031869,0,0,0,0,0,0,0,0
"Mollusca","Cephalopoda","Sepiida","Sepiolidae","Eumandya","Eumandya parva","Train",4.5136029924626,5.3677319999201,5.41126415264142,0,0,0,0,0,0,0,0
"Mollusca","Cephalopoda","Sepiida","Sepiidae","Sepiola","Sepiola atlantica","Train",5.71757579689813,5.47167484176636,5.4262202683352,0,0,0,0,0,0,0,0
"Mollusca","Cephalopoda","Sepiida","Sepiidae","Acanthosepion","Acanthosepion lycidas","Train",5.89989735358249,5.91349206712592,5.91137744679025,0,0,0,0,0,0,0,0
"Mollusca","Cephalopoda","Sepiida","Sepiidae","Acanthosepion","Acanthosepion esculentum","Train",5.89989735358249,6.02934420143312,6.04527421349281,0,0,0,0,0,0,0,0
"Arthropoda (Mandibulata)","Insecta","Coleoptera","Coccinellidae","Cryptolaemus","Cryptolaemus montrouzieri","Train",4.40317639339662,4.83676745956034,4.875476670607,0,0,0,0,0,0,0,0
"Arthropoda (Mandibulata)","Insecta","Coleoptera","Bostrichidae","Rhyzopertha","Rhyzopertha dominica","Train",5.24438902452248,6.49934882477038,6.60435049801994,0,0,0,0,0,0,0,0
"Arthropoda (Mandibulata)","Insecta","Coleoptera","Staphylinidae","Dalotia","Dalotia coriaria","Train",4.23338160423931,4.66671378945225,4.71890551041752,0,0,0,0,0,0,0,0
"Arthropoda (Mandibulata)","Insecta","Coleoptera","Chrysomelidae","Plagiodera","Plagiodera versicolora","Train",3.76375498875904,4.95883902071044,5.0699084900186,0,0,0,0,0,0,0,0
"Arthropoda (Mandibulata)","Insecta","Coleoptera","Bothrideridae","Dastarcus","Dastarcus helophoroides","Train",7.31115158192119,5.57255593380013,5.36804222188741,0,0,0,0,0,0,0,0
"Arthropoda (Mandibulata)","Insecta","Coleoptera","Coccinellidae","Adalia","Adalia bipunctata","Train",4.30985908637182,4.73499175248422,4.76139060639631,0,0,0,0,0,0,0,0
"Arthropoda (Mandibulata)","Insecta","Coleoptera","Coccinellidae","Coccinella","Coccinella septempunctata","Train",4.23815626425418,5.05920441965431,5.11137726758306,0,0,0,0,0,0,0,0
"Mollusca","Gastropoda","Nudibranchia","Dironidae","Dirona","Dirona pellucida","Train",5.89989735358249,6.17153902933589,6.1899095906865,0,0,0,0,0,0,0,0
"Mollusca","Gastropoda","Nudibranchia","Dironidae","Doris","Doris verrucosa","Train",5.89989735358249,5.62400631589618,5.59009712601983,0,0,0,0,0,0,0,0
"Mollusca","Gastropoda","Nudibranchia","Chromodorididae","Goniobranchus","Goniobranchus kuniei","Train",5.89989735358249,6.40723605625164,6.43286741278513,0,0,0,0,0,0,0,0
"Mollusca","Gastropoda","Nudibranchia","Goniodorididae","Ancula","Ancula gibbosa","Train",4.80128506518835,5.64823578229184,5.70800085112092,0,0,0,0,0,0,0,0
"Mollusca","Gastropoda","Nudibranchia","Polyceridae","Plocamopherus","Plocamopherus tilesii","Train",4.69134788222914,5.94247472704913,6.0104381354472,0,0,0,0,0,0,0,0
"Mollusca","Gastropoda","Nudibranchia","Polyceridae","Plocamopherus","Plocamopherus ceylonicus","Train",5.89989735358249,5.65153262436901,5.61777465009863,0,0,0,0,0,0,0,0
"Mollusca","Gastropoda","Nudibranchia","Dendronotidae","Melibe","Melibe bucephala","Train",5.89989735358249,6.02936811391722,6.06581821913548,0,0,0,0,0,0,0,0
"Mollusca","Gastropoda","Nudibranchia","Polyceridae","Plocamopherus","Plocamopherus imperialis","Train",4.49980967033027,5.81551839992758,5.88260546219135,0,0,0,0,0,0,0,0
"Mollusca","Gastropoda","Nudibranchia","Chromodorididae","Goniobranchus","Goniobranchus fidelis","Train",3.97029191355212,6.10051239599153,6.19139328573294,0,0,0,0,0,0,0,0
"Mollusca","Gastropoda","Nudibranchia","Glaucidae","Hermissenda","Hermissenda crassicornis","Train",5.07517381523383,6.49997398602215,6.62130303543309,0,0,0,0,0,0,0,0
"Mollusca","Gastropoda","Nudibranchia","Aeolidiidae","Berghia","Berghia stephanieae","Train",6.30536246169066,6.21526497394414,6.215112340565,0,0,0,0,0,0,0,0
"Mollusca","Gastropoda","Nudibranchia","Chromodorididae","Goniobranchus","Goniobranchus leopardus","Train",5.89989735358249,6.47355826802671,6.56044384046868,0,0,0,0,0,0,0,0
"Mollusca","Gastropoda","Nudibranchia","Scyllaeidae","Scyllaea","Scyllaea pelagica","Train",5.89989735358249,6.17402995988027,6.18957095398215,0,0,0,0,0,0,0,0
"Mollusca","Gastropoda","Nudibranchia","Lomanotidae","Lomanotus","Lomanotus vermiformis","Train",5.89989735358249,6.09100724629307,6.10521079960711,0,0,0,0,0,0,0,0
"Mollusca","Gastropoda","Nudibranchia","Dironidae","Doris","Doris montereyensis","Train",5.66628250228563,6.00774404231804,6.04130257464049,0,0,0,0,0,0,0,0
"Mollusca","Gastropoda","Nudibranchia","Tritoniidae","Tritonia","Tritonia festiva","Train",5.89989735358249,6.19702299583138,6.22623723741494,0,0,0,0,0,0,0,0
"Mollusca","Gastropoda","Nudibranchia","Dendronotidae","Melibe","Melibe viridis","Train",4.85203026391962,6.06256710190606,6.11556099602725,0,0,0,0,0,0,0,0
"Mollusca","Gastropoda","Nudibranchia","Dendronotidae","Dendronotus","Dendronotus rufus","Train",5.89989735358249,5.83171316195529,5.80660462139358,0,0,0,0,0,0,0,0
"Annelida","Polychaeta","Phyllodocida","Polynoidae","Arctonoe","Arctonoe vittata","Train",7.28619171470238,7.10920812077735,7.09923570057825,0,0,0,0,0,0,0,0
"Annelida","Polychaeta","Phyllodocida","Nereididae","Platynereis","Platynereis dumerilii","Train",6.30536246169066,6.81082845832978,6.86442663692009,0,0,0,0,0,0,0,0
"Annelida","Polychaeta","Phyllodocida","Sigalionidae","Sthenelais","Sthenelais limicola","Train",6.9985096422506,6.75299625885048,6.7421870793697,0,0,0,0,0,0,0,0
"Arthropoda (Mandibulata)","Crustacea","Thecostraca","Pollicipedidae","Pollicipes","Pollicipes pollicipes","Train",7.69165682281055,6.27261802422548,5.86478063730749,0,0,0,0,0,0,0,0
"Arthropoda (Mandibulata)","Crustacea","Thecostraca","Balanidae","Semibalanus","Semibalanus balanoides","Train",7.8458075026378,7.36297794002926,7.30304706710129,0,0,0,0,0,0,0,0
"Arthropoda (Mandibulata)","Crustacea","Thecostraca","Balanidae","Semibalanus","Semibalanus cariosus","Train",8.6079475546847,7.2384775602955,7.03730878921945,0,0,0,0,0,0,0,0
"Arthropoda (Mandibulata)","Crustacea","Thecostraca","Tetraclitidae","Tetraclita","Tetraclita rubescens","Train",7.28619171470238,7.40094956979178,7.45330758986998,0,0,0,0,0,0,0,0
"Arthropoda (Mandibulata)","Crustacea","Thecostraca","Balanidae","Amphibalanus","Amphibalanus improvisus","Train",6.9985096422506,6.65812155958017,6.60121932873159,0,0,0,0,0,0,0,0
"Arthropoda (Mandibulata)","Crustacea","Thecostraca","Balanidae","Balanus","Balanus glandula","Train",8.20248244657654,7.16941011046169,6.99031488765452,0,0,0,0,0,0,0,0
"Mollusca","Cephalopoda","Octopoda","Bolitaenidae","Japetella","Japetella diaphana","Train",7.69302574841789,6.62558977251139,6.52161736102117,0,0,0,0,0,0,0,0
"Mollusca","Cephalopoda","Octopoda","Octopodidae","Octopus","Octopus bimaculoides","Train",6.24820404778624,6.48478785791534,6.4845550816403,0,0,0,0,0,0,0,0
"Mollusca","Cephalopoda","Octopoda","Octopodidae","Hapalochlaena","Hapalochlaena maculosa","Train",5.36090085300636,6.40204938219602,6.45532991034848,0,0,0,0,0,0,0,0
"Mollusca","Cephalopoda","Octopoda","Octopodidae","Amphioctopus","Amphioctopus burryi","Train",5.71757579689813,6.51987003942013,6.56522189239377,0,0,0,0,0,0,0,0
"Mollusca","Cephalopoda","Octopoda","Octopodidae","Octopus","Octopus insularis","Train",5.14749447681345,6.74201198266568,6.87435807721343,0,0,0,0,0,0,0,0
"Mollusca","Cephalopoda","Octopoda","Octopodidae","Octopus","Octopus vulgaris","Train",6.50603315720262,6.37728604182582,6.34968407678886,0,0,0,0,0,0,0,0
"Mollusca","Cephalopoda","Octopoda","Octopodidae","Octopus","Octopus sinensis","Train",6.18757942610277,6.29085723494149,6.30089116334831,0,0,0,0,0,0,0,0
"Mollusca","Cephalopoda","Octopoda","Octopodidae","Octopus","Octopus maya","Train",6.11754638557906,6.60839433548861,6.62834982390445,0,0,0,0,0,0,0,0
"Mollusca","Cephalopoda","Octopoda","Octopodidae","Octopus","Octopus americanus","Train",5.87493073085203,6.49041402620042,6.51170121948334,0,0,0,0,0,0,0,0
"Mollusca","Gastropoda","Hygrophila","Planorbidae","Anisus","Anisus vortex","Train",5.97994006134033,6.06243909427804,6.06704036604732,0,0,0,0,0,0,0,0
"Mollusca","Gastropoda","Hygrophila","Lymnaeidae","Omphiscola","Omphiscola glabra","Train",6.24820404778624,6.56158873762538,6.57990024625721,0,0,0,0,0,0,0,0
"Mollusca","Gastropoda","Hygrophila","Planorbidae","Biomphalaria","Biomphalaria sudanica","Train",5.70711026474888,5.86011149911552,5.87008749131278,0,0,0,0,0,0,0,0
"Mollusca","Gastropoda","Hygrophila","Physidae","Physella","Physella acuta","Train",5.78857578494251,6.35915935497159,6.39139999656539,0,0,0,0,0,0,0,0
"Mollusca","Gastropoda","Hygrophila","Planorbidae","Biomphalaria","Biomphalaria pfeifferi","Train",6.02623493425346,6.05645895981539,6.0614372578893,0,0,0,0,0,0,0,0
"Mollusca","Gastropoda","Hygrophila","Lymnaeidae","Radix","Radix auricularia","Train",6.59304453414244,6.25854149730621,6.23514792905418,0,0,0,0,0,0,0,0
"Mollusca","Gastropoda","Hygrophila","Lymnaeidae","Lymnaea","Lymnaea stagnalis","Train",6.65294367126299,6.58809679113114,6.59342852692196,0,0,0,0,0,0,0,0
"Mollusca","Bivalvia","Arcoida","Arcidae","Anadara","Anadara kagoshimensis","Train",7.86175115303494,8.25784559639027,8.3010063395556,0,0,0,0,0,0,0,0
"Mollusca","Gastropoda","Neogastropoda","Nassariidae","Anentome","Anentome helena","Train",7.40397475035877,7.45269121019114,7.49240467154887,0,0,0,0,0,0,0,0
"Mollusca","Gastropoda","Neogastropoda","Buccinidae","Babylonia","Babylonia areolata","Train",7.69165682281055,7.94531986289637,7.94956199622351,0,0,0,0,0,0,0,0
"Mollusca","Gastropoda","Neogastropoda","Muricidae","Rapana","Rapana venosa","Train",8.41220297763265,7.44671331746768,7.35599390098779,0,0,0,0,0,0,0,0
"Mollusca","Gastropoda","Neogastropoda","Muricidae","Urosalpinx","Urosalpinx cinerea","Train",7.50933526601659,7.6278748968563,7.64171540497878,0,0,0,0,0,0,0,0
"Mollusca","Bivalvia","Lucinida","Lucinidae","Anodontia","Anodontia alba","Train",6.59304453414244,8.38657786754092,8.63970311376903,0,0,0,0,0,0,0,0
"Arthropoda (Mandibulata)","Insecta","Diptera","Scatopsidae","Coboldia","Coboldia fuscipes","Train",3.27374272630904,6.04849565701441,6.46821781528765,0,0,0,0,0,0,0,0
"Arthropoda (Mandibulata)","Insecta","Diptera","Drosophilidae","Drosophila","Drosophila melanogaster","Train",4.24333911489999,5.09083129033074,5.21005773675519,0,0,0,0,0,0,0,0
"Arthropoda (Mandibulata)","Insecta","Diptera","Calliphoridae","Calliphora","Calliphora vicina","Train",4.76174649303019,5.14614627784296,5.14443302545765,0,0,0,0,0,0,0,0
"Arthropoda (Mandibulata)","Insecta","Diptera","Muscidae","Stomoxys","Stomoxys calcitrans","Train",3.97029191355212,5.25260055573615,5.4292034435791,0,0,0,0,0,0,0,0
"Arthropoda (Mandibulata)","Insecta","Diptera","Sciaridae","Bradysia","Bradysia odoriphaga","Train",3.39484390768998,4.9800404470936,5.13509473491668,0,0,0,0,0,0,0,0
"Arthropoda (Mandibulata)","Insecta","Diptera","Tephritidae","Ceratitis","Ceratitis capitata","Train",4.59814557105113,4.96366192091681,4.96638685527161,0,0,0,0,0,0,0,0
"Arthropoda (Mandibulata)","Insecta","Diptera","Scathophagidae","Scathophaga","Scathophaga stercoraria","Train",4.0854719837185,5.17510599341224,5.30240516153884,0,0,0,0,0,0,0,0
"Arthropoda (Mandibulata)","Insecta","Diptera","Phoridae","Megaselia","Megaselia scalaris","Train",4.0990003737583,3.76915979500987,3.69264149282969,0,0,0,0,0,0,0,0
"Arthropoda (Mandibulata)","Insecta","Diptera","Cecidomyiidae","Aphidoletes","Aphidoletes aphidimyza","Train",4.13516655674236,3.94626329236323,3.76226569649728,0,0,0,0,0,0,0,0
"Arthropoda (Mandibulata)","Insecta","Hymenoptera","Apidae","Anthophora","Anthophora plumipes","Train",2.63905732961526,4.53227005072801,5.16862551233186,0,0,0,0,0,0,0,0
"Arthropoda (Mandibulata)","Insecta","Hymenoptera","Bethylidae","Prorops","Prorops nasuta","Train",4.26969744969996,5.19703022785794,5.36887191847902,0,0,0,0,0,0,0,0
"Arthropoda (Mandibulata)","Insecta","Hymenoptera","Chalcididae","Brachymeria","Brachymeria lasus","Train",4.2060350015748,4.32120554231927,4.29940101723742,0,0,0,0,0,0,0,1
"Arthropoda (Mandibulata)","Insecta","Hymenoptera","Aphelinidae","Encarsia","Encarsia formosa","Train",3.9982007016692,4.18390262103797,4.20031038933552,0,0,0,0,0,0,0,1
"Arthropoda (Mandibulata)","Insecta","Hymenoptera","Ichneumonidae","Diadegma","Diadegma fenestrale","Train",3.15700042115011,3.73333171744831,3.77204876094244,0,0,0,0,0,0,0,1
"Arthropoda (Mandibulata)","Insecta","Hymenoptera","Ichneumonidae","Diadegma","Diadegma semiclausum","Train",4.08933202039856,4.08710454846331,4.0688901753314,0,0,0,0,0,0,0,0
"Arthropoda (Mandibulata)","Insecta","Hymenoptera","Braconidae","Aphidius","Aphidius ervi","Train",2.89037175789616,4.40734450392606,4.88220053891497,0,0,0,0,0,0,0,1
"Mollusca","Gastropoda","Aplysiida","Aplysiidae","Aplysia","Aplysia californica","Train",5.89989735358249,6.24134026501552,6.25333552975973,0,0,0,0,0,0,0,0
"Annelida","Clitellata","Crassiclitellata","Lumbricidae","Aporrectodea","Aporrectodea caliginosa","Train",6.9985096422506,7.87019069901933,7.9765785887049,0,0,0,0,0,0,0,0
"Annelida","Clitellata","Crassiclitellata","Eudrilidae","Eudrilus","Eudrilus eugeniae","Train",6.9985096422506,7.48000186797748,7.53416574788975,0,0,0,0,0,0,0,0
"Annelida","Clitellata","Crassiclitellata","Lumbricidae","Eisenia","Eisenia fetida","Train",7.62652553326554,8.18541627771062,8.27382016987397,0,0,0,0,0,0,0,0
"Annelida","Clitellata","Crassiclitellata","Lumbricidae","Lumbricus","Lumbricus terrestris","Train",7.94285962639387,7.53842165237154,7.5268420574537,0,0,0,0,0,0,0,0
"Arthropoda (Chelicerata)","Arachnida","Sarcoptiformes","Steganacaridae","Steganacarus","Steganacarus magnus","Train",6.9985096422506,5.62135983901543,5.40110480733546,0,0,0,0,0,0,0,0
"Arthropoda (Chelicerata)","Arachnida","Sarcoptiformes","Nothridae","Nothrus","Nothrus palustris","Train",5.86078622346587,4.78271511991547,4.53700528064685,0,0,0,0,0,0,0,0
"Arthropoda (Chelicerata)","Arachnida","Sarcoptiformes","Ceratozetidae","Ceratozetes","Ceratozetes gracilis","Train",8.46168048148598,5.07835546934036,4.35731556924941,0,0,0,0,0,0,0,0
"Arthropoda (Chelicerata)","Arachnida","Sarcoptiformes","Nothridae","Nothrus","Nothrus silvestris","Train",5.39816270151775,4.89978028368901,4.7798036682446,0,0,0,0,0,0,0,0
"Arthropoda (Chelicerata)","Arachnida","Sarcoptiformes","Oppiidae","Oppiella","Oppiella nova","Train",4.0943445622221,6.53644763191507,7.39226249949801,0,0,0,0,0,0,0,0
"Arthropoda (Chelicerata)","Arachnida","Sarcoptiformes","Ceratozetidae","Fuscozetes","Fuscozetes fuscipes","Train",3.25809653802148,4.83921725772008,5.14933098785397,0,0,0,0,0,0,0,0
"Mollusca","Cephalopoda","Oegopsida","Thysanoteuthidae","Thysanoteuthis","Thysanoteuthis rhombus","Train",5.7037824746562,6.02151315592378,6.02546058859528,0,0,0,0,0,0,0,0
"Mollusca","Cephalopoda","Oegopsida","Enoploteuthidae","Watasenia","Watasenia scintillans","Train",5.97994006134033,5.76714760593574,5.74465007312213,0,0,0,0,0,0,0,0
"Mollusca","Cephalopoda","Oegopsida","Architeuthidae","Architeuthis","Architeuthis dux","Train",7.72743755990257,6.14252148725172,6.04869431557651,0,0,0,0,0,0,0,0
"Mollusca","Bivalvia","Mytilida","Mytilidae","Arcuatula","Arcuatula senhousia","Train",6.60957383613856,7.1470062300659,7.18534252421219,0,0,0,0,0,0,0,0
"Mollusca","Bivalvia","Mytilida","Mytilidae","Perna","Perna viridis","Train",7.26158590397818,7.68142510252495,7.7025703689182,0,0,0,0,0,0,0,0
"Mollusca","Bivalvia","Mytilida","Mytilidae","Geukensia","Geukensia demissa","Train",8.65143266656615,8.01138203538073,8.01089311725536,0,0,0,0,0,0,0,0
"Mollusca","Bivalvia","Mytilida","Mytilidae","Mytilus","Mytilus californianus","Train",8.46484671104403,7.60189928101118,7.5786329879797,0,0,0,0,0,0,0,0
"Mollusca","Bivalvia","Mytilida","Mytilidae","Mytilus","Mytilus trossulus","Train",7.93677928072441,7.45644469217508,7.45310996827063,0,0,0,0,0,0,0,0
"Mollusca","Bivalvia","Mytilida","Mytilidae","Geukensia","Geukensia granosissima","Train",8.79026911147866,7.97783704103871,7.93871171924233,0,0,0,0,0,0,0,0
"Mollusca","Bivalvia","Mytilida","Mytilidae","Mytilus","Mytilus galloprovincialis","Train",6.94135122873297,7.32988726011718,7.35855612226562,0,0,0,0,0,0,0,0
"Annelida","Polychaeta","Scolecida","Arenicolidae","Arenicola","Arenicola marina","Train",7.50933526601659,7.2090533141023,7.16572688432106,0,0,0,0,0,0,0,0
"Annelida","Polychaeta","Scolecida","Capitellidae","Capitella","Capitella teleta","Train",4.79613483921345,5.62189654002523,5.74149415975315,0,0,0,0,0,0,0,0
"Mollusca","Bivalvia","Pectinida","Pectinidae","Mimachlamys","Mimachlamys varia","Train",7.50933526601659,8.14202721442891,8.18408922049231,0,0,0,0,0,0,0,0
"Mollusca","Bivalvia","Pectinida","Pectinidae","Ylistrum","Ylistrum balloti","Train",7.17529841759303,8.04511381411121,8.12316591264973,0,0,0,0,0,0,0,0
"Mollusca","Bivalvia","Pectinida","Pectinidae","Chlamys","Chlamys rubida","Train",7.69165682281055,7.94466432072011,7.98529716031249,0,0,0,0,0,0,0,0
"Mollusca","Bivalvia","Pectinida","Pectinidae","Argopecten","Argopecten irradians irradians","Train",6.59304453414244,7.86653173069051,7.96177973721508,0,0,0,0,0,0,0,0
"Mollusca","Bivalvia","Pectinida","Pectinidae","Pecten","Pecten maximus","Train",8.81766808566677,8.11046344287829,8.06544058106937,0,0,0,0,0,0,0,0
"Mollusca","Bivalvia","Pectinida","Pectinidae","Mizuhopecten","Mizuhopecten yessoensis","Train",8.52353021281534,8.15136731105919,8.13517815937243,0,0,0,0,0,0,0,0
"Mollusca","Gastropoda","Stylommatophora","Helicidae","Cornu","Cornu aspersum","Train",7.65187278495577,7.59371871694615,7.56458592503545,0,0,0,0,0,0,0,0
"Mollusca","Gastropoda","Stylommatophora","Arionidae","Arion","Arion ater rufus","Train",6.43052560464466,6.58310068568859,6.57755848444951,0,0,0,0,0,0,0,0
"Mollusca","Gastropoda","Stylommatophora","Helicidae","Cepaea","Cepaea hortensis","Train",7.97933889526233,7.50215757530764,7.49629373857101,0,0,0,0,0,0,0,0
"Mollusca","Gastropoda","Stylommatophora","Geomitridae","Candidula","Candidula unifasciata","Train",5.89989735358249,7.48283524524134,7.58796162956016,0,0,0,0,0,0,0,0
"Mollusca","Gastropoda","Stylommatophora","Camaenidae","Euhadra","Euhadra peliomphala","Train",6.81618808545665,7.51260165868978,7.60421973947358,0,0,0,0,0,0,0,0
"Mollusca","Gastropoda","Stylommatophora","Helicidae","Cepaea","Cepaea nemoralis","Train",7.81681996576455,7.34732395454521,7.29340741867951,0,0,0,0,0,0,0,0
"Arthropoda (Mandibulata)","Crustacea","Isopoda","Asellidae","Asellus","Asellus aquaticus","Train",5.96052197539893,5.97734432044778,6.09016265423929,0,0,0,0,0,0,0,0
"Arthropoda (Mandibulata)","Crustacea","Isopoda","Ligiidae","Ligia","Ligia exotica","Train",6.40067264149498,6.48876545962384,6.56049111350681,0,0,0,0,0,0,0,0
"Arthropoda (Mandibulata)","Crustacea","Isopoda","Armadillidiidae","Armadillidium","Armadillidium vulgare","Train",6.59304453414244,6.51324797048624,6.52140252477799,0,0,0,0,0,0,0,0
"Arthropoda (Mandibulata)","Crustacea","Isopoda","Porcellionidae","Porcellio","Porcellio scaber","Train",6.9985096422506,5.78382172537793,5.65263544867542,0,0,0,0,0,0,0,0
"Arthropoda (Mandibulata)","Crustacea","Decapoda","Penaeidae ","Penaeus","Penaeus monodon","Train",6.59304453414244,6.4009138193093,6.38890660709126,0,0,0,0,0,0,0,0
"Arthropoda (Mandibulata)","Crustacea","Decapoda","Atyidae","Caridina","Caridina multidentata","Train",7.69165682281055,7.83470475994301,7.85244553375847,0,0,0,0,0,0,0,0
"Arthropoda (Mandibulata)","Crustacea","Decapoda","Parastacidae","Cherax","Cherax destructor","Train",7.69165682281055,7.60132781802934,7.62812475259656,0,0,0,0,0,0,0,0
"Arthropoda (Mandibulata)","Crustacea","Decapoda","Nephropidae","Homarus","Homarus gammarus","Train",9.58877680769643,8.05053319574265,7.86028820095399,0,0,0,0,0,0,0,0
"Arthropoda (Mandibulata)","Crustacea","Decapoda","Portunidae","Portunus","Portunus pelagicus","Train",6.59304453414244,7.40805943104381,7.50199369467561,0,0,0,0,0,0,0,0
"Arthropoda (Mandibulata)","Crustacea","Decapoda","Penaeidae ","Penaeus","Penaeus indicus","Train",6.85540879860993,6.37941700084887,6.27516965058261,0,0,0,0,0,0,0,0
"Arthropoda (Mandibulata)","Crustacea","Decapoda","Penaeidae ","Penaeus","Penaeus japonicus","Train",6.98452340058456,6.26831346828422,6.15201815200753,0,0,0,0,0,0,0,0
"Arthropoda (Mandibulata)","Crustacea","Decapoda","Majidae","Chionoecetes","Chionoecetes opilio","Train",7.88777170173684,6.8786946429831,6.73775621865361,0,0,0,0,0,0,0,0
"Arthropoda (Mandibulata)","Crustacea","Decapoda","Lithodidae","Paralithodes","Paralithodes platypus","Train",9.63756697186586,7.53161767654891,7.29304885002823,0,0,0,0,0,0,0,0
"Arthropoda (Mandibulata)","Crustacea","Decapoda","Cancridae","Metacarcinus","Metacarcinus magister","Train",7.91480037412476,6.94658937231549,6.84576861157501,0,0,0,0,0,0,0,0
"Arthropoda (Mandibulata)","Crustacea","Decapoda","Portunidae","Callinectes","Callinectes sapidus","Train",7.97933889526233,7.24607719175961,7.16796578241863,0,0,0,0,0,0,0,0
"Arthropoda (Mandibulata)","Crustacea","Decapoda","Pandalidae","Pandalus","Pandalus borealis","Train",8.05938160283049,7.05480881359652,6.99941750772659,0,0,0,0,0,0,0,0
"Arthropoda (Mandibulata)","Crustacea","Decapoda","Varunidae","Eriocheir","Eriocheir sinensis","Train",5.89989735358249,6.75515951496955,6.89853274968216,0,0,0,0,0,0,0,0
"Arthropoda (Mandibulata)","Crustacea","Decapoda","Cambaridae","Procambarus","Procambarus clarkii","Train",7.48230659344102,7.22682903783373,7.19431682136289,0,0,0,0,0,0,0,0
"Arthropoda (Mandibulata)","Crustacea","Decapoda","Palinuridae","Panulirus","Panulirus argus","Train",9.11877317845069,8.15277100352522,8.08566895377188,0,0,0,0,0,0,0,0
"Arthropoda (Mandibulata)","Crustacea","Decapoda","Palaemonidae ","Macrobrachium","Macrobrachium rosenbergii","Train",6.9985096422506,7.12339709621397,7.13930301555132,0,0,0,0,0,0,0,0
"Arthropoda (Mandibulata)","Insecta","Lepidoptera","Oecophoridae","Hofmannophila","Hofmannophila pseudospretella","Train",4.78832472908594,5.58640188455808,5.63040111883816,0,0,0,0,0,0,0,0
"Arthropoda (Mandibulata)","Insecta","Lepidoptera","Lycaenidae","Polyommatus","Polyommatus icarus","Train",4.27458061252503,5.36681116280337,5.4139879235177,0,0,0,0,0,0,0,0
"Arthropoda (Mandibulata)","Insecta","Lepidoptera","Nymphalidae","Erebia","Erebia aethiops","Train",5.90126627918983,5.49479992077564,5.45622045014112,0,0,0,0,0,0,0,0
"Arthropoda (Mandibulata)","Insecta","Lepidoptera","Nymphalidae","Boloria","Boloria selene","Train",5.85936070647464,5.13729664092965,5.08529872921671,0,0,0,0,0,0,0,0
"Arthropoda (Mandibulata)","Insecta","Lepidoptera","Nymphalidae","Erebia","Erebia epiphron","Train",5.76315140646303,5.50625504136415,5.47297435214289,0,0,0,0,0,0,0,0
"Arthropoda (Mandibulata)","Insecta","Lepidoptera","Plutellidae","Plutella","Plutella xylostella","Train",3.87452880100057,5.14253812573073,5.23452864657406,0,0,0,0,0,0,0,0
"Arthropoda (Mandibulata)","Insecta","Lepidoptera","Hesperiidae","Thymelicus","Thymelicus sylvestris","Train",5.85220247977447,5.65953180577954,5.64288081046785,0,0,0,0,0,0,0,0
"Arthropoda (Mandibulata)","Insecta","Lepidoptera","Pyralidae","Plodia","Plodia interpunctella","Train",3.39114704580865,5.45409602080558,5.53540892600141,0,0,0,0,0,0,0,0
"Arthropoda (Mandibulata)","Insecta","Lepidoptera","Gelechiidae","Pectinophora","Pectinophora gossypiella","Train",3.97330623384504,5.57970429646998,5.6935709398606,0,0,0,0,0,0,0,0
"Arthropoda (Mandibulata)","Insecta","Lepidoptera","Lycaenidae","Lampides","Lampides boeticus","Train",4.1026433650368,5.50475944029198,5.58723169851669,0,0,0,0,0,0,0,0
"Arthropoda (Mandibulata)","Insecta","Lepidoptera","Hesperiidae","Pyrgus","Pyrgus malvae","Train",5.85386775909354,5.63865649954539,5.61690955167263,0,0,0,0,0,0,0,0
"Arthropoda (Mandibulata)","Insecta","Lepidoptera","Pieridae","Colias","Colias hyale","Train",3.58351893845611,5.14026180707724,5.22625021677835,0,0,0,0,0,0,0,0
"Arthropoda (Mandibulata)","Insecta","Lepidoptera","Noctuidae","Helicoverpa","Helicoverpa zea","Train",3.89934295227077,5.52714995326891,5.60171704442939,0,0,0,0,0,0,0,0
"Arthropoda (Mandibulata)","Insecta","Lepidoptera","Hesperiidae","Hesperia","Hesperia comma","Train",4.91507841719804,5.50453368126799,5.49098441319334,0,0,0,0,0,0,0,0
"Arthropoda (Mandibulata)","Insecta","Lepidoptera","Nymphalidae","Lasiommata","Lasiommata megera","Train",4.07295066953443,5.76137065684912,5.82788337174506,0,0,0,0,0,0,0,0
"Arthropoda (Mandibulata)","Insecta","Lepidoptera","Hesperiidae","Thymelicus","Thymelicus lineola","Train",4.71849887129509,5.60799479196861,5.6212014436507,0,0,0,0,0,0,0,0
"Arthropoda (Mandibulata)","Insecta","Lepidoptera","Nymphalidae","Boloria","Boloria euphrosyne","Train",5.89715386763674,5.32343679685857,5.28808214125207,0,0,0,0,0,0,0,0
"Arthropoda (Mandibulata)","Insecta","Lepidoptera","Nymphalidae","Pararge","Pararge aegeria","Train",5.07292128018053,5.72552449443031,5.74218055402469,0,0,0,0,0,0,0,0
"Arthropoda (Mandibulata)","Insecta","Lepidoptera","Gelechiidae","Phthorimaea","Phthorimaea operculella","Train",3.7864597824528,5.0280181789297,5.10342754937053,0,0,0,0,0,0,0,0
"Arthropoda (Mandibulata)","Insecta","Lepidoptera","Pieridae","Pieris","Pieris brassicae","Train",5.29831736654804,5.5707918390025,5.5787322940203,0,0,0,0,0,0,0,0
"Arthropoda (Mandibulata)","Insecta","Lepidoptera","Lycaenidae","Satyrium","Satyrium pruni","Train",3.85014760171006,5.49914597132462,5.5828484263167,0,0,0,0,0,0,0,0
"Arthropoda (Mandibulata)","Insecta","Lepidoptera","Pieridae","Pieris","Pieris napi","Train",4.12309397550809,5.48079788076325,5.54507415173872,0,0,0,0,0,0,0,0
"Arthropoda (Mandibulata)","Crustacea","Amphipoda","Caprellidae","Caprella","Caprella mutica","Train",6.21835108470103,6.24939535673676,6.19540395748882,0,0,0,0,0,0,0,0
"Arthropoda (Mandibulata)","Crustacea","Amphipoda","Phronimidae","Phronima","Phronima sedentaria","Train",5.89989735358249,6.50062047368819,6.62945853151256,0,0,0,0,0,0,0,0
"Mollusca","Bivalvia","Cardiida","Cardiidae","Cerastoderma","Cerastoderma edule","Train",8.0140954733193,7.34332006768979,7.31058213450232,0,0,0,0,0,0,0,0
"Mollusca","Bivalvia","Cardiida","Cardiidae","Fragum","Fragum fragum","Train",7.28619171470238,7.53135818589554,7.58328727712828,0,0,0,0,0,0,0,0
"Mollusca","Bivalvia","Cardiida","Cardiidae","Tridacna","Tridacna gigas","Train",10.6302306826052,8.45049401737663,8.22798715637769,0,0,0,0,0,0,0,0
"Mollusca","Bivalvia","Cardiida","Cardiidae","Tridacna","Tridacna derasa","Train",10.043032079974,8.19775844725228,8.02053077257763,0,0,0,0,0,0,0,0
"Mollusca","Bivalvia","Cardiida","Psammobiidae","Nuttallia","Nuttallia obscurata","Train",8.49016451909681,8.19753237740058,8.19325154484235,0,0,0,0,0,0,0,0
"Mollusca","Bivalvia","Cardiida","Cardiidae","Serripes","Serripes groenlandicus","Train",9.19573421958682,7.50140803457836,7.30408744261315,0,0,0,0,0,0,0,0
"Mollusca","Bivalvia","Cardiida","Solecurtidae","Sinonovacula","Sinonovacula constricta","Train",7.50933526601659,7.90822559381131,7.91869194059094,0,0,0,0,0,0,0,0
"Mollusca","Bivalvia","Cardiida","Cardiidae","Hippopus","Hippopus hippopus","Train",9.58877680769643,8.26910114515796,8.13104912540837,0,0,0,0,0,0,0,0
"Mollusca","Gastropoda","Pteropoda","Clionidae","Clione","Clione limacina","Train",6.59304453414244,6.37503571178729,6.33418683408025,0,0,0,0,0,0,0,0
"Mollusca","Bivalvia","Myida","Myidae","Mya","Mya arenaria","Train",8.67906163165174,7.80486170544399,7.76535404212228,0,0,0,0,0,0,0,0
"Mollusca","Bivalvia","Myida","Dreissenidae","Dreissena","Dreissena rostriformis","Train",8.51485713155187,7.74511397918103,7.70046512363544,0,0,0,0,0,0,0,0
"Mollusca","Bivalvia","Myida","Dreissenidae","Congeria","Congeria kusceri","Train",9.56345899971214,8.16695603299217,8.07994366030779,0,0,0,0,0,0,0,0
"Mollusca","Bivalvia","Venerida","Veneridae","Saxidomus","Saxidomus purpurata","Train",8.67248607582227,8.31720434144645,8.29926539020809,0,0,0,0,0,0,0,0
"Mollusca","Bivalvia","Venerida","Mactridae","Spisula","Spisula subtruncata","Train",7.12807484660524,7.42058194010962,7.45555918702386,0,0,0,0,0,0,0,0
"Mollusca","Bivalvia","Venerida","Veneridae","Cyclina","Cyclina sinensis","Train",7.8458075026378,8.57623670690075,8.64982367714781,0,0,0,0,0,0,0,0
"Mollusca","Bivalvia","Venerida","Veneridae","Saxidomus","Saxidomus gigantea","Train",8.84433633274893,8.39987048045099,8.40006616603191,0,0,0,0,0,0,0,0
"Mollusca","Bivalvia","Venerida","Mactridae","Spisula","Spisula solida","Train",7.91480037412476,7.66343784667935,7.65903628153461,0,0,0,0,0,0,0,0
"Mollusca","Bivalvia","Venerida","Cyrenidae","Corbicula","Corbicula japonica","Train",8.32764558961112,8.40445492571055,8.44852380656706,0,0,0,0,0,0,0,0
"Mollusca","Bivalvia","Ostreida","Ostreidae","Saccostrea","Saccostrea cuccullata","Train",8.66464289836125,7.4213649556255,7.36141288526522,0,0,0,0,0,0,0,0
"Mollusca","Bivalvia","Ostreida","Ostreidae","Ostrea","Ostrea edulis","Train",8.20248244657654,7.95330127310305,7.94238589409538,0,0,0,0,0,0,0,0
"Mollusca","Bivalvia","Ostreida","Ostreidae","Crassostrea","Crassostrea ariakensis","Train",8.46484671104403,7.58216528004313,7.54131936020333,0,0,0,0,0,0,0,0
"Mollusca","Bivalvia","Ostreida","Ostreidae","Magallana","Magallana angulata","Train",7.40397475035877,7.5587787868304,7.56960547671082,0,0,0,0,0,0,0,0
"Mollusca","Bivalvia","Ostreida","Ostreidae","Saccostrea","Saccostrea glomerata","Train",7.91480037412476,7.54460893088647,7.53876090570727,0,0,0,0,0,0,0,0
"Mollusca","Bivalvia","Ostreida","Ostreidae","Crassostrea","Crassostrea rhizophorae","Train",7.08926400551907,7.46379037803105,7.48491426456406,0,0,0,0,0,0,0,0
"Mollusca","Bivalvia","Ostreida","Ostreidae","Crassostrea","Crassostrea virginica","Train",7.98308188154116,7.47760963827139,7.46285828361827,0,0,0,0,0,0,0,0
"Mollusca","Bivalvia","Ostreida","Ostreidae","Crassostrea","Crassostrea gasar","Train",7.47336260574711,7.61405477902625,7.62279383379469,0,0,0,0,0,0,0,0
"Arthropoda (Mandibulata)","Diplopoda","Julida","Blaniulidae","Proteroiulus","Proteroiulus fuscus","Train",8.09712193091871,7.1750936275052,7.08695092354998,0,0,0,0,0,0,0,0
"Arthropoda (Mandibulata)","Diplopoda","Julida","Nemasomatidae","Nemasoma","Nemasoma varicorne","Train",6.9985096422506,6.78779528331336,6.81867820509432,0,0,0,0,0,0,0,0
"Arthropoda (Mandibulata)","Diplopoda","Julida","Julidae","Ophyiulus","Ophyiulus pilosus","Train",6.9985096422506,6.52693085349565,6.52417306342103,0,0,0,0,0,0,0,0
"Arthropoda (Mandibulata)","Diplopoda","Julida","Julidae","Tachypodoiulus","Tachypodoiulus niger","Train",8.09712193091871,6.86432775313742,6.78019003504399,0,0,0,0,0,0,0,0
"Arthropoda (Mandibulata)","Crustacea","Podocopida","Cyprididae","Notodromas","Notodromas monacha","Train",3.55534806148941,5.40048978540116,5.74570078074848,0,0,0,0,0,0,0,0
"Mollusca","Bivalvia","Adapedonta","Hiatellidae","Cyrtodaria","Cyrtodaria siliqua","Train",10.55385770374,8.13316387233246,8.04783094225909,0,0,0,0,0,0,0,0
"Mollusca","Gastropoda","Lepetellida","Haliotidae","Haliotis","Haliotis cracherodii","Train",9.30109473524465,8.38383189042626,8.33019446412121,0,0,0,0,0,0,0,0
"Mollusca","Gastropoda","Lepetellida","Fissurellidae","Diodora","Diodora aspera","Train",8.89562962713648,7.83626576063847,7.70757871062624,0,0,0,0,0,0,0,0
"Mollusca","Gastropoda","Lepetellida","Haliotidae","Haliotis","Haliotis laevigata","Train",8.6079475546847,8.29276725097943,8.283861465088,0,0,0,0,0,0,0,0
"Mollusca","Gastropoda","Lepetellida","Haliotidae","Haliotis","Haliotis rufescens","Train",9.64940142951286,8.06743027313263,7.94693662176333,0,0,0,0,0,0,0,0
"Platyhelminthes","Cestoda","Cyclophyllidea","Taeniidae","Taenia","Taenia asiatica","Train",9.21576687185727,6.88864711826755,6.68844146209475,0,0,0,0,0,0,0,2
"Platyhelminthes","Cestoda","Cyclophyllidea","Anoplocephalidae","Moniezia","Moniezia expansa","Train",5.84928875624326,6.39688257817113,6.45636626378059,0,0,0,0,0,0,0,2
"Platyhelminthes","Cestoda","Cyclophyllidea","Taeniidae","Taenia","Taenia solium","Train",8.45939457268886,7.0631497636026,6.87733842338194,0,0,0,0,0,0,0,2
"Platyhelminthes","Cestoda","Cyclophyllidea","Taeniidae","Taenia","Taenia saginata","Train",9.14123142232385,7.03059862014672,6.84185296725832,0,0,0,0,0,0,0,2
"Platyhelminthes","Cestoda","Cyclophyllidea","Hymenolepididae","Hymenolepis","Hymenolepis diminuta","Train",8.51837249576343,5.86761010508883,5.64530958702975,0,0,0,0,0,0,0,2
"Platyhelminthes","Cestoda","Cyclophyllidea","Taeniidae","Hydatigera","Hydatigera taeniaeformis","Train",7.31706299480775,6.99686778191437,6.95714276034675,0,0,0,0,0,0,0,2
"Platyhelminthes","Cestoda","Cyclophyllidea","Hymenolepididae","Rodentolepis","Rodentolepis nana","Train",4.19469253600613,5.61012096778961,5.73325635316837,0,0,0,0,0,0,0,1
"Mollusca","Cephalopoda","Myopsida","Loliginidae","Sepioteuthis","Sepioteuthis lessoniana","Train",5.98032635814063,5.92528458121688,5.91028329691954,0,0,0,0,0,0,0,0
"Mollusca","Gastropoda","Sacoglossa","Plakobranchidae","Elysia","Elysia crispata","Train",6.50603315720262,6.01919622499199,5.9505457089815,0,0,0,0,0,0,0,0
"Mollusca","Gastropoda","Sacoglossa","Plakobranchidae","Elysia","Elysia marginata","Train",5.59842195899838,5.98184083578206,6.01303032200661,0,0,0,0,0,0,0,0
"Mollusca","Gastropoda","Sacoglossa","Plakobranchidae","Elysia","Elysia chlorotica","Train",6.1450198116393,6.14371122109955,6.13820457268114,0,0,0,0,0,0,0,0
"Annelida","Clitellata","Hirudinida","Hirudinidae","Hirudo","Hirudo verbana","Train",6.9985096422506,6.67223644556866,6.6409877782492,0,0,0,0,0,0,0,0
"Annelida","Clitellata","Hirudinida","Piscicolidae","Piscicola","Piscicola geometra","Train",5.67675380226828,5.94091733969184,6.0810388704496,0,0,0,0,0,0,0,0
"Annelida","Clitellata","Hirudinida","Hirudinidae","Hirudinaria","Hirudinaria manillensis","Train",7.97933889526233,6.35298081149404,6.13131589289607,0,0,0,0,0,0,0,0
"Annelida","Clitellata","Hirudinida","Hirudinidae","Hirudo","Hirudo medicinalis","Train",7.10105798828533,6.41356550715893,6.31528468840686,0,0,0,0,0,0,0,0
"Annelida","Polychaeta","Sabellida","Sabellidae","Sabella","Sabella spallanzanii","Train",7.50933526601659,7.57280573758273,7.60014887151146,0,0,0,0,0,0,0,0
"Annelida","Polychaeta","Sabellida","Siboglinidae","Ridgeia","Ridgeia piscesae","Train",8.89562962713648,8.89212528142118,8.97268247182248,0,0,0,0,0,0,0,0
"Annelida","Polychaeta","Sabellida","Siboglinidae","Escarpia","Escarpia spicata","Train",11.4213582714447,8.75795891344464,8.4378237018447,0,0,0,0,0,0,0,0
"Annelida","Polychaeta","Sabellida","Siboglinidae","Lamellibrachia","Lamellibrachia luymesi","Train",11.3509358071482,8.87057778039007,8.63049374414456,0,0,0,0,0,0,0,0
"Arthropoda (Mandibulata)","Insecta","Thysanoptera","Thripidae","Thrips","Thrips tabaci","Train",3.12456514539696,4.55226087765991,4.86154566585364,0,0,0,0,0,0,0,0
"Arthropoda (Mandibulata)","Insecta","Thysanoptera","Thripidae","Stenchaetothrips","Stenchaetothrips biformis","Train",3.0521126069901,4.65095841543208,5.03331806973241,0,0,0,0,0,0,0,0
"Annelida","Clitellata","Rhynchobdellida","Glossiphoniidae","Placobdella","Placobdella costata","Train",6.82723792165527,6.18250251445425,6.06000341562112,0,0,0,0,0,0,0,0
"Mollusca","Gastropoda","Architaenioglossa","Ampullariidae","Marisa","Marisa cornuarietis","Train",6.2803958389602,7.6897912190004,7.84103845808528,0,0,0,0,0,0,0,0
"Mollusca","Gastropoda","Architaenioglossa","Ampullariidae","Pomacea","Pomacea maculata","Train",6.9985096422506,7.62145622102937,7.6911579716083,0,0,0,0,0,0,0,0
"Mollusca","Gastropoda","Architaenioglossa","Ampullariidae","Lanistes","Lanistes nyassanus","Train",8.20248244657654,8.10584292298112,8.13482530931935,0,0,0,0,0,0,0,0
"Arthropoda (Mandibulata)","Crustacea","Hexanauplia","Tisbidae","Tisbe","Tisbe holothuriae","Train",2.68580459215489,4.8305165768277,5.34844401187051,0,0,0,0,0,0,0,0
"Arthropoda (Mandibulata)","Crustacea","Hexanauplia","Oithonidae","Oithona","Oithona nana","Train",3.73766961828337,3.99042029211857,3.98754431804438,0,0,0,0,0,0,0,0
"Platyhelminthes","Cestoda","Diphyllobothriidea","Diphyllobothriidae","Ligula","Ligula intestinalis","Train",7.41541589940497,6.4698555874388,6.35104949694821,0,0,0,0,0,0,0,3
"Platyhelminthes","Cestoda","Diphyllobothriidea","Diphyllobothriidae","Schistocephalus","Schistocephalus solidus","Train",5.98811519428283,6.45412822051912,6.55251075935151,0,0,0,0,0,0,0,3
"Arthropoda (Chelicerata)","Merostomata","Xiphosura","Limulidae","Tachypleus","Tachypleus gigas","Train",8.79026911147866,7.60529496561543,7.50060960621665,0,0,0,0,0,0,0,0
"Arthropoda (Chelicerata)","Merostomata","Xiphosura","Limulidae","Limulus","Limulus polyphemus","Train",8.85740841431628,7.17837293465369,7.03371793475772,0,0,0,0,0,0,0,0
"Arthropoda (Mandibulata)","Chilopoda","Lithobiomorpha","Lithobiidae","Lithobius","Lithobius forficatus","Train",7.69165682281055,7.07058936615256,7.00412352418305,0,0,0,0,0,0,0,0
"Nematoda","Chromadorea","Monhysterida","Rhabditidae","Litoditis","Litoditis marina","Train",3.24519313331544,5.71151015813816,6.20311044982845,0,0,0,0,0,0,0,0
"Nematoda","Chromadorea","Monhysterida","Onchocercidae","Loa","Loa loa","Train",8.45004326352216,7.66534271904136,7.59124228172763,0,0,0,0,0,0,0,2
"Nematoda","Chromadorea","Monhysterida","Onchocercidae","Mansonella","Mansonella ozzardi","Train",7.64987117919811,7.19421713321654,7.15014905953381,0,0,0,0,0,0,0,2
"Nematoda","Chromadorea","Monhysterida","Onchocercidae","Litomosoides","Litomosoides sigmodontis","Train",6.32965405836869,7.25786748087478,7.35102891098512,0,0,0,0,0,0,0,2
"Mollusca","Gastropoda","Littorinimorpha","Ranellidae","Monoplex","Monoplex corrugatus","Train",7.31696337336914,7.71563570323249,7.72718835881752,0,0,0,0,0,0,0,0
"Mollusca","Gastropoda","Littorinimorpha","Pomatiopsidae","Oncomelania","Oncomelania hupensis","Train",6.18208490671663,6.99467519441324,7.02921437920531,0,0,0,0,0,0,0,0
"Mollusca","Gastropoda","Littorinimorpha","Tateidae","Potamopyrgus","Potamopyrgus estuarinus","Train",5.89989735358249,7.09669488273894,7.22115096176872,0,0,0,0,0,0,0,0
"Mollusca","Gastropoda","Lottioidea","Lottiidae","Lottia","Lottia scabra","Train",8.02016088989217,7.14177509617124,7.07290130153796,0,0,0,0,0,0,0,0
"Platyhelminthes","Turbellaria","Macrostomida","Macrostomidae","Macrostomum","Macrostomum lignano","Train",6.44141161062103,6.06674380155809,5.88426265482024,0,0,0,0,0,0,0,0
"Arthropoda (Mandibulata)","Insecta","Hemiptera","Cicadidae","Magicicada","Magicicada septendecula","Train",8.73311069763871,7.23432504523111,7.06385127587361,0,0,0,0,0,0,0,0
"Arthropoda (Mandibulata)","Insecta","Hemiptera","Cicadidae","Magicicada","Magicicada cassini","Train",8.73311069763871,7.68791817705254,7.52904224011375,0,0,0,0,0,0,0,0
"Arthropoda (Mandibulata)","Insecta","Hemiptera","Aphididae","Sipha","Sipha flava","Train",3.76120011569356,4.83343841839868,4.95905001398164,0,0,0,0,0,0,0,0
"Mollusca","Bivalvia","Unionida","Margaritiferidae","Margaritifera","Margaritifera margaritifera","Train",10.8835039752908,8.32575536029455,8.22650939861577,0,0,0,0,0,0,0,0
"Mollusca","Bivalvia","Unionida","Unionidae","Venustaconcha","Venustaconcha ellipsiformis","Train",8.6079475546847,8.59299328045099,8.61375123988121,0,0,0,0,0,0,0,0
"Mollusca","Bivalvia","Unionida","Unionidae","Megalonaias","Megalonaias nervosa","Train",9.70655984335281,8.79902286716629,8.75497406150972,0,0,0,0,0,0,0,0
"Mollusca","Bivalvia","Unionida","Unionidae","Unio","Unio pictorum","Train",8.53537686184987,8.38874608257611,8.41969726424857,0,0,0,0,0,0,0,0
"Bryozoa","Gymnolaemata","Cheilostomatida","Watersiporidae","Watersipora","Watersipora subatra","Train",5.49443224533734,7.11346763215639,7.38019343519624,0,0,0,0,0,0,0,0
"Nematoda","Enoplea","Mermithida","Mermithidae","Mermis","Mermis nigrescens","Train",6.67203294546107,5.08087568821401,4.83805806117506,0,0,0,0,0,0,0,1
"Arthropoda (Chelicerata)","Arachnida","Ixodida","Argasidae","Ornithodoros","Ornithodoros moubata","Train",8.3422443889517,7.00544914451253,6.8164653583344,0,0,0,0,0,0,0,0
"Mollusca","Gastropoda","Patelloidea","Patellidae","Patella","Patella depressa","Train",7.63449840880944,7.42716003351197,7.42146609137375,0,0,0,0,0,0,0,0
"Mollusca","Gastropoda","Patelloidea","Patellidae","Patella","Patella caerulea","Train",7.44034239433395,7.38207128362147,7.39205146556155,0,0,0,0,0,0,0,0
"Mollusca","Gastropoda","Patelloidea","Patellidae","Patella","Patella vulgata","Train",8.52456594574565,7.42479572345912,7.37796302422796,0,0,0,0,0,0,0,0
"Mollusca","Gastropoda","Patelloidea","Patellidae","Patella","Patella ulyssiponensis","Train",8.6079475546847,7.54460330488536,7.48703214407117,0,0,0,0,0,0,0,0
"Mollusca","Gastropoda","Trochida","Trochidae","Phorcus","Phorcus lineatus","Train",8.50258703902688,6.87934323405187,6.80459626852537,0,0,0,0,0,0,0,0
"Mollusca","Bivalvia","Pterioida","Pinnidae","Pinna","Pinna nobilis","Train",9.14248970506801,7.83052277292499,7.79053983932773,0,0,0,0,0,0,0,0
"Mollusca","Bivalvia","Pterioida","Pteriidae","Pinctada","Pinctada fucata","Train",7.69165682281055,7.44637007349718,7.43772984185084,0,0,0,0,0,0,0,0
"Mollusca","Bivalvia","Pterioida","Pteriidae","Pteria","Pteria penguin","Train",7.24797050188218,7.52673129309938,7.54068581120843,0,0,0,0,0,0,0,0
"Mollusca","Bivalvia","Pterioida","Pteriidae","Pinctada","Pinctada margaritifera","Train",7.60464544582092,7.72884709348065,7.73535953396145,0,0,0,0,0,0,0,0
"Arthropoda (Mandibulata)","Diplopoda","Polydesmida","Polydesmidae","Polydesmus","Polydesmus angustus","Train",6.59304453414244,5.77270406763668,5.68654243466565,0,0,0,0,0,0,0,0
"Arthropoda (Chelicerata)","Arachnida","Trombidiformes","Tetranychidae","Tetranychus","Tetranychus piercei","Train",3.93182563272433,4.59017361809401,4.66183395763505,0,0,0,0,0,0,0,0
"Arthropoda (Chelicerata)","Arachnida","Trombidiformes","Tetranychidae","Tetranychus","Tetranychus truncatus","Train",3.87120101090789,4.56606051883997,4.67884309344638,0,0,0,0,0,0,0,0
"Mollusca","Gastropoda","Acteonimorpha","Aplustridae","Bullina","Bullina lineata","Train",3.85014760171006,6.22967608150201,6.38931534700831,0,0,0,0,0,0,0,0
"Arthropoda (Chelicerata)","Arachnida","Scorpiones","Buthidae","Centruroides","Centruroides vittatus","Train",7.28619171470238,6.40086249027337,6.31592758136711,0,0,0,0,0,0,0,0
"Arthropoda (Mandibulata)","Insecta","Ephemeroptera","Baetidae","Cloeon","Cloeon dipterum","Train",5.46221877555548,5.0234143950252,4.93203023492263,0,0,0,0,0,0,0,0
"Arthropoda (Chelicerata)","Arachnida","Pseudoscorpiones","Chernetidae","Cordylochernes","Cordylochernes scorpioides","Train",5.89989735358249,5.7322760264808,5.70216172904354,0,0,0,0,0,0,0,0
"Arthropoda (Mandibulata)","Insecta","Siphonaptera","Pulicidae","Ctenocephalides","Ctenocephalides felis","Train",6.9985096422506,5.04244534497241,4.83161318838151,0,0,0,0,0,0,0,0
"Annelida","Polychaeta","Dinophilidae","Dinophilidae","Dimorphilus","Dimorphilus gyrociliatus","Train",4.69134788222914,5.12429971130832,5.15730162827655,0,0,0,0,0,0,0,0
"Nematoda","Enoplea","Enoplida","Echinomermellidae","Echinomermella","Echinomermella matsi","Train",6.59304453414244,5.87218324037128,5.67335254489347,0,0,0,0,0,0,0,1
"Annelida","Clitellata","Enchytraeida","Enchytraeidae","Enchytraeus","Enchytraeus crypticus","Train",5.91350300563827,7.1610887179339,7.36252149274507,0,0,0,0,0,0,0,0
"Arthropoda (Mandibulata)","Diplopoda","Glomerida","Glomeridae","Glomeris","Glomeris marginata","Train",8.20248244657654,6.95674645778899,6.84025596612341,0,0,0,0,0,0,0,0
"Arthropoda (Mandibulata)","Insecta","Trichoptera","Limnephilidae","Glyphotaelius","Glyphotaelius pellucidus","Train",5.81288597649324,5.55991806086347,5.50997043808939,0,0,0,0,0,0,0,0
"Platyhelminthes","Monogenea","Gyrodactylidea","Gyrodactylidae","Gyrodactylus","Gyrodactylus salaris","Train",4.06044301054642,3.97453847398011,3.95191134729392,0,0,0,0,0,0,0,1
"Annelida","Polychaeta","Eunicida","Amphinomidae","Hermodice","Hermodice carunculata","Train",8.09712193091871,8.82087190928187,8.95459315839459,0,0,0,0,0,0,0,0
"Arthropoda (Mandibulata)","Insecta","Odonata","Coenagrionidae","Ischnura","Ischnura elegans","Train",4.23410650459726,6.59118934695702,6.80762598257519,0,0,0,0,0,0,0,0
"Arthropoda (Mandibulata)","Insecta","Plecoptera","Leuctridae","Leuctra","Leuctra nigra","Train",6.59304453414244,5.732021366034,5.59277300512354,0,0,0,0,0,0,0,0
"Brachiopoda","Lingulata","Lingulida","Lingulidae","Lingula","Lingula anatina","Train",7.97933889526233,8.36325301483146,8.40503385842046,0,0,0,0,0,0,0,0
"Arthropoda (Mandibulata)","Insecta","Psocoptera","Liposcelididae","Liposcelis","Liposcelis bostrychophila","Train",5.52146091786225,5.70744225377717,5.76307842625416,0,0,0,0,0,0,0,0
"Arthropoda (Mandibulata)","Crustacea","Euphausiacea","Euphausiidae","Meganyctiphanes","Meganyctiphanes norvegica","Train",6.59304453414244,6.57488243522755,6.58220094638314,0,0,0,0,0,0,0,0
"Mollusca","Cephalopoda","Nautilida","Nautilidae","Nautilus","Nautilus pompilius","Train",8.7525287835485,7.78736967373195,7.703550443021,0,0,0,0,0,0,0,0
"Mollusca","Gastropoda","Systellommatophora","Onchidiidae","Onchidella","Onchidella celtica","Train",6.9985096422506,7.71778766339727,7.78608026904039,0,0,0,0,0,0,0,0
"Arthropoda (Mandibulata)","Crustacea","Stomatopoda","Squillidae","Oratosquilla","Oratosquilla oratoria","Train",7.28619171470238,7.35132818331292,7.37936520177992,0,0,0,0,0,0,0,0
"Nematoda","Enoplea","Mononchida","Mononchidae","Prionchulus","Prionchulus punctatus","Train",5.29831736654804,4.17268332614026,3.85113165166221,0,0,0,0,0,0,0,0
"Platyhelminthes","Monogenea","Polystomatidea","Polystomatidae","Protopolystoma","Protopolystoma xenopodis","Train",6.41236546329128,5.23807086186036,5.05355997552621,0,0,0,0,0,0,0,1
"Annelida","Polychaeta","Spionida","Spionidae","Streblospio","Streblospio benedicti","Train",5.95410876047771,6.51622896981324,6.56750007931084,0,0,0,0,0,0,0,0
"Arthropoda (Mandibulata)","Chilopoda","Geophilomorpha","Linotaeniidae","Strigamia","Strigamia maritima","Train",7.69165682281055,6.00228977576209,5.80983410425169,0,0,0,0,0,0,0,0
"Mollusca","Gastropoda","Cycloneritida","Neritidae","Theodoxus","Theodoxus fluviatilis","Train",7.15266032207786,8.01077592635326,8.16005566349207,0,0,0,0,0,0,0,0
"Arthropoda (Mandibulata)","Insecta","Phasmatodea","Timematidae","Timema","Timema cristinae","Train",4.80128506518835,6.26055135279504,6.45663205159945,0,0,0,0,0,0,0,0
"Mollusca","Gastropoda","Umbraculida","Tylodinidae","Tylodina","Tylodina fungina","Train",5.89989735358249,6.68545578866019,6.72729314773484,0,0,0,0,0,0,0,0
"Mollusca","Cephalopoda","Idiosepida","Idiosepiidae","Xipholeptos","Xipholeptos notoides","Train",5.08017309050687,5.38270847120461,5.37779930907567,0,0,0,0,0,0,0,0
"Nematoda","Chromadorea","Rhabditida","Ancylostomatidae","Ancylostoma","Ancylostoma ceylanicum","Test",5.49306144334055,5.99024899268828,NA,0,0,0,0,0,0,0,1
"Nematoda","Chromadorea","Rhabditida","Ancylostomatidae","Ancylostoma","Ancylostoma duodenale","Test",8.02265093772335,6.23017953762286,NA,0,0,0,0,0,0,0,1
"Nematoda","Chromadorea","Rhabditida","Metastrongylidae","Angiostrongylus","Angiostrongylus cantonensis","Test",6.60276426740772,6.43116009857357,NA,0,0,0,0,0,0,0,2
"Nematoda","Chromadorea","Rhabditida","Aphelenchoididae","Aphelenchoides","Aphelenchoides bicaudatus","Test",4.04305126783455,3.59314650198857,NA,0,0,0,0,0,0,0,0
"Nematoda","Chromadorea","Rhabditida","Rhabditidae","Caenorhabditis","Caenorhabditis inopinata","Test",3.52636052461616,4.21253359043054,NA,0,0,0,0,0,0,0,0
"Nematoda","Chromadorea","Rhabditida","Rhabditidae","Caenorhabditis","Caenorhabditis tropicalis","Test",3.59731226058845,3.7155837254131,NA,0,0,0,0,0,0,0,0
"Nematoda","Chromadorea","Rhabditida","Oxyuridae","Enterobius","Enterobius vermicularis","Test",4.20916023665068,7.04170735403383,NA,0,0,0,0,0,0,0,1
"Nematoda","Chromadorea","Rhabditida","Gnathostomatidae","Gnathostoma","Gnathostoma spinigerum","Test",7.73035052672897,6.6022584778701,NA,0,0,0,0,0,0,0,3
"Nematoda","Chromadorea","Rhabditida","Gongylonematidae","Gongylonema","Gongylonema pulchrum","Test",7.45654120653452,6.85183541534116,NA,0,0,0,0,0,0,0,2
"Nematoda","Chromadorea","Rhabditida","Heligmosomidae","Heligmosomoides","Heligmosomoides polygyrus bakeri","Test",6.53304970830363,5.68115391203435,NA,0,0,0,0,0,0,0,1
"Nematoda","Chromadorea","Rhabditida","Heligmosomidae","Heligmosomoides","Heligmosomoides polygyrus polygyrus","Test",6.04855351409211,5.59342384923895,NA,0,0,0,0,0,0,0,1
"Nematoda","Chromadorea","Rhabditida","Metastrongylidae","Parelaphostrongylus","Parelaphostrongylus tenuis","Test",7.7727948208455,5.61716864823594,NA,0,0,0,0,0,0,0,2
"Nematoda","Chromadorea","Rhabditida","Neodiplogasteridae","Pristionchus","Pristionchus entomophagus","Test",3.43398720448515,5.71652248258468,NA,0,0,0,0,0,0,0,0
"Nematoda","Chromadorea","Rhabditida","Thelaziidae","Thelazia","Thelazia callipaeda","Test",4.45811924327606,7.00921752704881,NA,0,0,0,0,0,0,0,2
"Nematoda","Chromadorea","Rhabditida","Toxocaridae","Toxocara","Toxocara canis","Test",7.88089882244908,7.25054209968151,NA,0,0,0,0,0,0,0,1
"Nematoda","Chromadorea","Rhabditida","Trichostrongylidae","Trichostrongylus","Trichostrongylus colubriformis","Test",5.11799381241676,5.80586331709671,NA,0,0,0,0,0,0,0,1
"Nematoda","Chromadorea","Rhabditida","Panagrolaimidae","Turbatrix","Turbatrix aceti","Test",4.52828914165213,3.62268049087228,NA,0,0,0,0,0,0,0,0
"Mollusca","Polyplacophora","Chitonida","Mopaliidae","Tonicella","Tonicella lineata","Test",8.15118915218899,7.61825820164908,NA,0,0,0,0,0,0,0,0
"Arthropoda (Chelicerata)","Arachnida","Araneae","Sicariidae","Loxosceles","Loxosceles reclusa","Test",7.50933526601659,6.79338285218019,NA,0,0,0,0,0,0,0,0
"Mollusca","Cephalopoda","Sepiida","Sepiidae","Acanthosepion","Acanthosepion pharaonis","Test",6.89281083163015,6.11437252544664,NA,0,0,0,0,0,0,0,0
"Mollusca","Cephalopoda","Sepiida","Sepiolidae","Euprymna","Euprymna scolopes","Test",5.03911476520214,5.57022702911178,NA,0,0,0,0,0,0,0,0
"Arthropoda (Mandibulata)","Insecta","Coleoptera","Buprestidae","Agrilus","Agrilus planipennis","Test",5.02539253507116,5.79511819555575,NA,0,0,0,0,0,0,0,0
"Arthropoda (Mandibulata)","Insecta","Coleoptera","Curculionidae","Diaprepes","Diaprepes abbreviatus","Test",6.28002123697042,5.490996680769,NA,0,0,0,0,0,0,0,0
"Arthropoda (Mandibulata)","Insecta","Coleoptera","Curculionidae","Sitophilus","Sitophilus oryzae","Test",4.82711301672578,5.36547980233907,NA,0,0,0,0,0,0,0,0
"Mollusca","Gastropoda","Nudibranchia","Aeolidiidae","Aeolidia","Aeolidia papillosa","Test",5.61221528113071,3.89232179274078,NA,0,0,0,0,0,0,0,0
"Mollusca","Gastropoda","Nudibranchia","Dendronotidae","Dendronotus","Dendronotus venustus","Test",5.89989735358249,5.74371775485381,NA,0,0,0,0,0,0,0,0
"Mollusca","Gastropoda","Nudibranchia","Dironidae","Dirona","Dirona albolineata","Test",5.20675017302255,6.37301169467609,NA,0,0,0,0,0,0,0,0
"Mollusca","Gastropoda","Nudibranchia","Chromodorididae","Goniobranchus","Goniobranchus coi","Test",5.89989735358249,6.17890746396362,NA,0,0,0,0,0,0,0,0
"Mollusca","Gastropoda","Nudibranchia","Chromodorididae","Goniobranchus","Goniobranchus geometricus","Test",4.0943445622221,6.04681346064657,NA,0,0,0,0,0,0,0,0
"Mollusca","Gastropoda","Nudibranchia","Dendronotidae","Melibe","Melibe leonina","Test",5.89989735358249,6.11064364617384,NA,0,0,0,0,0,0,0,0
"Mollusca","Gastropoda","Nudibranchia","Tritoniidae","Tritonia","Tritonia tetraquetra","Test",5.89989735358249,6.43211496064379,NA,0,0,0,0,0,0,0,0
"Annelida","Polychaeta","Phyllodocida","Nereididae","Alitta","Alitta virens","Test",7.60464544582092,7.32775468224767,NA,0,0,0,0,0,0,0,0
"Arthropoda (Mandibulata)","Crustacea","Thecostraca","Balanidae","Amphibalanus","Amphibalanus amphitrite","Test",7.69165682281055,7.13093086981525,NA,0,0,0,0,0,0,0,0
"Arthropoda (Mandibulata)","Crustacea","Thecostraca","Sacculinidae","Sacculina","Sacculina carcini","Test",6.59304453414244,6.36738967070562,NA,0,0,0,0,0,0,0,0
"Mollusca","Cephalopoda","Octopoda","Octopodidae","Eledone","Eledone cirrhosa","Test",6.66826795538002,6.8861504894921,NA,0,0,0,0,0,0,0,0
"Mollusca","Cephalopoda","Octopoda","Octopodidae","Enteroctopus","Enteroctopus dofleini","Test",7.17656029566423,6.66688780792424,NA,0,0,0,0,0,0,0,0
"Mollusca","Cephalopoda","Octopoda","Octopodidae","Muusoctopus","Muusoctopus longibrachus","Test",7.28619171470238,6.75305415391732,NA,0,0,0,0,0,0,0,0
"Mollusca","Cephalopoda","Octopoda","Octopodidae","Octopus","Octopus rubescens","Test",6.71082756979882,6.45986996679935,NA,0,0,0,0,0,0,0,0
"Mollusca","Gastropoda","Hygrophila","Lymnaeidae","Ampullaceana","Ampullaceana balthica","Test",5.89989735358249,6.13999638994484,NA,0,0,0,0,0,0,0,0
"Mollusca","Gastropoda","Hygrophila","Planorbidae","Biomphalaria","Biomphalaria glabrata","Test",6.2101481677001,5.83544077438145,NA,0,0,0,0,0,0,0,0
"Mollusca","Gastropoda","Hygrophila","Planorbidae","Biomphalaria","Biomphalaria straminea","Test",5.68289926373978,5.814616601964,NA,0,0,0,0,0,0,0,0
"Mollusca","Bivalvia","Arcoida","Arcidae","Tegillarca","Tegillarca granosa","Test",7.50747966435633,8.0677752895623,NA,0,0,0,0,0,0,0,0
"Mollusca","Gastropoda","Neogastropoda","Muricidae","Concholepas","Concholepas concholepas","Test",7.8458075026378,7.86436798862664,NA,0,0,0,0,0,0,0,0
"Mollusca","Gastropoda","Neogastropoda","Muricidae","Stramonita","Stramonita haemastoma","Test",7.69165682281055,7.36259655227136,NA,0,0,0,0,0,0,0,0
"Mollusca","Bivalvia","Lucinida","Lucinidae","Stewartia","Stewartia floridana","Test",7.69165682281055,8.51375048857296,NA,0,0,0,0,0,0,0,0
"Arthropoda (Mandibulata)","Insecta","Diptera","Culicidae","Anopheles","Anopheles sinensis","Test",2.78253905309295,4.76533070270405,NA,0,0,0,0,0,0,0,0
"Arthropoda (Mandibulata)","Insecta","Diptera","Tephritidae","Bactrocera","Bactrocera dorsalis","Test",4.88318063874314,5.10515884059094,NA,0,0,0,0,0,0,0,0
"Arthropoda (Mandibulata)","Insecta","Diptera","Culicidae","Culex","Culex quinquefasciatus","Test",4.5154642729036,4.37768049782924,NA,0,0,0,0,0,0,0,0
"Arthropoda (Mandibulata)","Insecta","Diptera","Drosophilidae","Drosophila","Drosophila suzukii","Test",4.58292457704077,5.28788230817957,NA,0,0,0,0,0,0,0,0
"Arthropoda (Mandibulata)","Insecta","Hymenoptera","Argidae","Arge","Arge pagana","Test",3.40982670836021,4.72088178531638,NA,0,0,0,0,0,0,0,0
"Arthropoda (Mandibulata)","Insecta","Hymenoptera","Ichneumonidae","Diplazon","Diplazon laetatorius","Test",4.25561270981822,3.84734653053531,NA,0,0,0,0,0,0,0,1
"Arthropoda (Mandibulata)","Insecta","Hymenoptera","Bethylidae","Goniozus","Goniozus legneri","Test",4.70555836001936,4.46463885724174,NA,0,0,0,0,0,0,0,1
"Mollusca","Gastropoda","Aplysiida","Aplysiidae","Phyllaplysia","Phyllaplysia taylori","Test",5.61221528113071,6.4240996767781,NA,0,0,0,0,0,0,0,0
"Annelida","Clitellata","Crassiclitellata","Lumbricidae","Lumbricus","Lumbricus rubellus","Test",6.9985096422506,7.31847484366758,NA,0,0,0,0,0,0,0,0
"Arthropoda (Chelicerata)","Arachnida","Sarcoptiformes","Trhypochthoniidae","Archegozetes","Archegozetes longisetosus","Test",5.63478960316925,4.40187192329319,NA,0,0,0,0,0,0,0,0
"Arthropoda (Chelicerata)","Arachnida","Sarcoptiformes","Phthiracaridae","Phthiracarus","Phthiracarus laevigatus","Test",5.12989871492307,5.91183642412782,NA,0,0,0,0,0,0,0,0
"Arthropoda (Chelicerata)","Arachnida","Sarcoptiformes","Camisiidae","Platynothrus","Platynothrus peltifer","Test",6.04263283368238,4.75952557196514,NA,0,0,0,0,0,0,0,0
"Mollusca","Cephalopoda","Oegopsida","Onychoteuthidae","Onykia","Onykia robusta","Test",6.25382881157547,6.02201422587548,NA,0,0,0,0,0,0,0,0
"Mollusca","Bivalvia","Mytilida","Mytilidae","Limnoperna","Limnoperna fortunei","Test",7.22528296181392,7.76029323216151,NA,0,0,0,0,0,0,0,0
"Mollusca","Bivalvia","Mytilida","Mytilidae","Mytilus","Mytilus coruscus","Test",9.0917445061003,7.67976107240378,NA,0,0,0,0,0,0,0,0
"Mollusca","Bivalvia","Mytilida","Mytilidae","Mytilus","Mytilus edulis","Test",8.5229543418734,7.37029701651539,NA,0,0,0,0,0,0,0,0
"Annelida","Polychaeta","Scolecida","Opheliidae","Armandia","Armandia brevis","Test",3.73766961828337,6.66958161952407,NA,0,0,0,0,0,0,0,0
"Mollusca","Bivalvia","Pectinida","Pectinidae","Argopecten","Argopecten irradians concentricus","Test",6.54321216041056,7.90940077265463,NA,0,0,0,0,0,0,0,0
"Mollusca","Bivalvia","Pectinida","Pectinidae","Crassadoma","Crassadoma gigantea","Test",8.89562962713648,8.04453042016947,NA,0,0,0,0,0,0,0,0
"Mollusca","Gastropoda","Stylommatophora","Arionidae","Ariolimax","Ariolimax columbianus","Test",7.50933526601659,7.0846093334482,NA,0,0,0,0,0,0,0,0
"Mollusca","Gastropoda","Stylommatophora","Arionidae","Arion","Arion vulgaris","Test",6.58008419831399,6.6369432126118,NA,0,0,0,0,0,0,0,0
"Arthropoda (Mandibulata)","Crustacea","Isopoda","Idoteidae","Idotea","Idotea baltica","Test",6.05404803333147,5.50856410074422,NA,0,0,0,0,0,0,0,0
"Arthropoda (Mandibulata)","Crustacea","Decapoda","Coenobitidae","Birgus","Birgus latro","Test",9.99424191580459,9.46071951704055,NA,0,0,0,0,0,0,0,0
"Arthropoda (Mandibulata)","Crustacea","Decapoda","Parastacidae","Cherax","Cherax quadricarinatus","Test",7.50933526601659,7.76150261013136,NA,0,0,0,0,0,0,0,0
"Arthropoda (Mandibulata)","Crustacea","Decapoda","Nephropidae","Homarus","Homarus americanus","Test",9.39640491504897,8.06610351497111,NA,0,0,0,0,0,0,0,0
"Arthropoda (Mandibulata)","Crustacea","Decapoda","Palaemonidae ","Macrobrachium","Macrobrachium hainanense","Test",7.28619171470238,6.70287633730222,NA,0,0,0,0,0,0,0,0
"Arthropoda (Mandibulata)","Crustacea","Decapoda","Atyidae","Neocaridina","Neocaridina denticulata","Test",6.2363695902037,7.48880957221131,NA,0,0,0,0,0,0,0,0
"Arthropoda (Mandibulata)","Crustacea","Decapoda","Palinuridae","Panulirus","Panulirus cygnus","Test",9.19573421958682,7.86433524672462,NA,0,0,0,0,0,0,0,0
"Arthropoda (Mandibulata)","Crustacea","Decapoda","Lithodidae","Paralithodes","Paralithodes camtschaticus","Test",8.89562962713648,7.52831761156974,NA,0,0,0,0,0,0,0,0
"Arthropoda (Mandibulata)","Insecta","Lepidoptera","Hesperiidae","Carterocephalus","Carterocephalus palaemon","Test",5.85507192220243,5.57120241056052,NA,0,0,0,0,0,0,0,0
"Arthropoda (Mandibulata)","Insecta","Lepidoptera","Lycaenidae","Celastrina","Celastrina argiolus","Test",4.08597631255158,5.27339466457591,NA,0,0,0,0,0,0,0,0
"Arthropoda (Mandibulata)","Insecta","Lepidoptera","Nymphalidae","Danaus","Danaus plexippus","Test",4.24606371685794,5.77515540827279,NA,0,0,0,0,0,0,0,0
"Arthropoda (Mandibulata)","Insecta","Lepidoptera","Pyralidae","Ephestia","Ephestia kuehniella","Test",4.09384443718042,5.72685991466522,NA,0,0,0,0,0,0,0,0
"Arthropoda (Mandibulata)","Insecta","Lepidoptera","Noctuidae","Heliothis","Heliothis virescens","Test",3.86051916256103,5.43783138717954,NA,0,0,0,0,0,0,0,0
"Arthropoda (Mandibulata)","Insecta","Lepidoptera","Pieridae","Leptidea","Leptidea sinapis","Test",5.29606483149474,5.52515759799722,NA,0,0,0,0,0,0,0,0
"Arthropoda (Mandibulata)","Insecta","Lepidoptera","Nymphalidae","Maniola","Maniola jurtina","Test",5.71663288663502,5.47003493679421,NA,0,0,0,0,0,0,0,0
"Arthropoda (Mandibulata)","Insecta","Lepidoptera","Nymphalidae","Melanargia","Melanargia galathea","Test",5.94484452647276,5.15165414349527,NA,0,0,0,0,0,0,0,0
"Arthropoda (Mandibulata)","Insecta","Lepidoptera","Noctuidae","Trichoplusia","Trichoplusia ni","Test",3.56104608260405,5.51340534807058,NA,0,0,0,0,0,0,0,0
"Arthropoda (Mandibulata)","Insecta","Lepidoptera","Nymphalidae","Vanessa","Vanessa atalanta","Test",4.53796143629464,5.38607165066274,NA,0,0,0,0,0,0,0,0
"Arthropoda (Mandibulata)","Crustacea","Amphipoda","Hyalellidae","Hyalella","Hyalella azteca","Test",5.22035582507832,5.87235046313249,NA,0,0,0,0,0,0,0,0
"Mollusca","Bivalvia","Cardiida","Cardiidae","Clinocardium","Clinocardium nuttallii","Test",8.20746998808758,7.83254749509161,NA,0,0,0,0,0,0,0,0
"Mollusca","Bivalvia","Cardiida","Tellinidae","Macomangulus","Macomangulus tenuis","Test",7.81681996576455,7.82039029480416,NA,0,0,0,0,0,0,0,0
"Mollusca","Bivalvia","Cardiida","Cardiidae","Tridacna","Tridacna crocea","Test",9.82516558558041,7.9150694238443,NA,0,0,0,0,0,0,0,0
"Mollusca","Gastropoda","Pteropoda","Limacinidae","Limacina","Limacina bulimoides","Test",5.76636596095797,6.61346595151326,NA,0,0,0,0,0,0,0,0
"Mollusca","Bivalvia","Myida","Dreissenidae","Dreissena","Dreissena polymorpha","Test",7.9036270734035,7.7838405602425,NA,0,0,0,0,0,0,0,0
"Mollusca","Bivalvia","Venerida","Mactridae","Mactromeris","Mactromeris polynyma","Test",9.77703309976703,7.68519791320156,NA,0,0,0,0,0,0,0,0
"Mollusca","Bivalvia","Venerida","Veneridae","Mercenaria","Mercenaria mercenaria","Test",9.37393205891388,8.40273490201097,NA,0,0,0,0,0,0,0,0
"Mollusca","Bivalvia","Venerida","Veneridae","Ruditapes","Ruditapes philippinarum","Test",8.4852524746673,7.6813875320956,NA,0,0,0,0,0,0,0,0
"Mollusca","Bivalvia","Ostreida","Ostreidae","Crassostrea","Crassostrea nippona","Test",7.91480037412476,7.58104604747361,NA,0,0,0,0,0,0,0,0
"Mollusca","Bivalvia","Ostreida","Ostreidae","Magallana","Magallana gigas","Test",7.65775527113487,7.60179606375674,NA,0,0,0,0,0,0,0,0
"Mollusca","Bivalvia","Ostreida","Ostreidae","Magallana","Magallana hongkongensis","Test",8.20248244657654,7.47282913292209,NA,0,0,0,0,0,0,0,0
"Mollusca","Bivalvia","Ostreida","Ostreidae","Ostrea","Ostrea denselamellosa","Test",7.69165682281055,8.10771780967456,NA,0,0,0,0,0,0,0,0
"Arthropoda (Mandibulata)","Diplopoda","Julida","Julidae","Cylindroiulus","Cylindroiulus punctatus","Test",7.28619171470238,6.95082985628059,NA,0,0,0,0,0,0,0,0
"Arthropoda (Mandibulata)","Diplopoda","Julida","Julidae","Julus","Julus scandinavius","Test",6.9985096422506,6.60810112900211,NA,0,0,0,0,0,0,0,0
"Arthropoda (Mandibulata)","Crustacea","Podocopida","Cytherideidae","Cyprideis","Cyprideis torosa","Test",5.89989735358249,5.94080611781707,NA,0,0,0,0,0,0,0,0
"Mollusca","Bivalvia","Adapedonta","Hiatellidae","Panopea","Panopea generosa","Test",10.7902464818042,8.24041402026032,NA,0,0,0,0,0,0,0,0
"Mollusca","Gastropoda","Lepetellida","Haliotidae","Haliotis","Haliotis rubra","Test",8.76209823451196,8.07291559886872,NA,0,0,0,0,0,0,0,0
"Platyhelminthes","Cestoda","Cyclophyllidea","Dipylidiidae","Dipylidium","Dipylidium caninum","Test",5.93902397827376,6.34290067953127,NA,0,0,0,0,0,0,0,2
"Platyhelminthes","Cestoda","Cyclophyllidea","Hymenolepididae","Hymenolepis","Hymenolepis microstoma","Test",6.89132097251871,5.73346481386464,NA,0,0,0,0,0,0,0,2
"Platyhelminthes","Cestoda","Cyclophyllidea","Taeniidae","Taenia","Taenia hydatigena","Test",6.30134019526675,6.91272641241047,NA,0,0,0,0,0,0,0,2
"Mollusca","Cephalopoda","Myopsida","Loliginidae","Doryteuthis","Doryteuthis pealeii","Test",5.89989735358249,5.77993226204514,NA,0,0,0,0,0,0,0,0
"Mollusca","Gastropoda","Sacoglossa","Plakobranchidae","Plakobranchus","Plakobranchus ocellatus","Test",5.02442861600941,6.45860323722184,NA,0,0,0,0,0,0,0,0
"Annelida","Clitellata","Hirudinida","Erpobdellidae","Erpobdella","Erpobdella octoculata","Test",6.70685307519067,5.7830659062349,NA,0,0,0,0,0,0,0,0
"Annelida","Polychaeta","Sabellida","Serpulidae","Hydroides","Hydroides elegans","Test",5.71757579689813,5.46977088657453,NA,0,0,0,0,0,0,0,0
"Annelida","Polychaeta","Sabellida","Oweniidae","Owenia","Owenia fusiformis","Test",7.22165319356481,7.47550817942866,NA,0,0,0,0,0,0,0,0
"Arthropoda (Mandibulata)","Insecta","Thysanoptera","Thripidae","Frankliniella","Frankliniella fusca","Test",3.57878553131686,4.73004709214356,NA,0,0,0,0,0,0,0,0
"Annelida","Clitellata","Rhynchobdellida","Glossiphoniidae","Helobdella","Helobdella robusta","Test",5.80211837537706,5.73253939115,NA,0,0,0,0,0,0,0,0
"Mollusca","Gastropoda","Architaenioglossa","Ampullariidae","Pomacea","Pomacea canaliculata","Test",7.03633659303325,7.52531530228029,NA,0,0,0,0,0,0,0,0
"Arthropoda (Mandibulata)","Crustacea","Hexanauplia","Caligidae","Lepeophtheirus","Lepeophtheirus salmonis","Test",5.36058769227416,4.86851150535848,NA,0,0,0,0,0,0,0,1
"Platyhelminthes","Cestoda","Diphyllobothriidea","Diphyllobothriidae","Spirometra","Spirometra erinaceieuropaei","Test",8.55997965510279,6.3853727641046,NA,0,0,0,0,0,0,0,3
"Arthropoda (Chelicerata)","Merostomata","Xiphosura","Limulidae","Tachypleus","Tachypleus tridentatus","Test",8.6079475546847,7.49071178059325,NA,0,0,0,0,0,0,0,0
"Arthropoda (Mandibulata)","Chilopoda","Lithobiomorpha","Lithobiidae","Lithobius","Lithobius mutabilis","Test",7.50933526601659,6.40704572638811,NA,0,0,0,0,0,0,0,0
"Nematoda","Chromadorea","Monhysterida","Onchocercidae","Mansonella","Mansonella perstans","Test",8.36201198077445,7.0731511372731,NA,0,0,0,0,0,0,0,2
"Mollusca","Gastropoda","Littorinimorpha","Littorinidae","Littorina","Littorina saxatilis","Test",7.80117534852609,6.90122937913858,NA,0,0,0,0,0,0,0,0
"Mollusca","Gastropoda","Lottioidea","Lottiidae","Lottia","Lottia gigantea","Test",8.71230757000894,7.37071981291601,NA,0,0,0,0,0,0,0,0
"Platyhelminthes","Turbellaria","Macrostomida","Macrostomidae","Macrostomum","Macrostomum hystrix","Test",4.60517018598809,5.60823233742943,NA,0,0,0,0,0,0,0,0
"Arthropoda (Mandibulata)","Insecta","Hemiptera","Cicadidae","Magicicada","Magicicada septendecim","Test",8.73311069763871,7.79586056954704,NA,0,0,0,0,0,0,0,0
"Mollusca","Bivalvia","Unionida","Unionidae","Unio","Unio delphinus","Test",8.29779262638086,8.23469382534584,NA,0,0,0,0,0,0,0,0
"Bryozoa","Gymnolaemata","Cheilostomatida","Membraniporidae","Membranipora","Membranipora membranacea","Test",3.73766961828337,7.54156976352728,NA,0,0,0,0,0,0,0,0
"Nematoda","Enoplea","Mermithida","Mermithidae","Romanomermis","Romanomermis culicivorax","Test",4.84024230816757,4.42837771834402,NA,0,0,0,0,0,0,0,1
"Arthropoda (Chelicerata)","Arachnida","Ixodida","Argasidae","Ornithodoros","Ornithodoros turicata","Test",8.20248244657654,6.20105190968568,NA,0,0,0,0,0,0,0,0
"Mollusca","Gastropoda","Patelloidea","Patellidae","Patella","Patella pellucida","Test",5.89989735358249,7.33931008179985,NA,0,0,0,0,0,0,0,0
"Mollusca","Gastropoda","Trochida","Trochidae","Steromphala","Steromphala cineraria","Test",7.15266032207786,6.81363321426315,NA,0,0,0,0,0,0,0,0
"Mollusca","Bivalvia","Pterioida","Pteriidae","Pinctada","Pinctada imbricata","Test",7.69165682281055,7.19107652882741,NA,0,0,0,0,0,0,0,0
"Arthropoda (Mandibulata)","Diplopoda","Polydesmida","Polydesmidae","Polydesmus","Polydesmus complanatus","Test",6.59304453414244,5.4164320476872,NA,0,0,0,0,0,0,0,0
"Arthropoda (Chelicerata)","Arachnida","Trombidiformes","Tetranychidae","Tetranychus","Tetranychus urticae","Test",3.91202300542815,4.58703162139156,NA,0,0,0,0,0,0,0,0
"Mollusca","Gastropoda","Cerithioidea","Batillariidae","Batillaria","Batillaria attramentaria","Test",8.20248244657654,7.79649468146064,NA,0,0,0,0,0,0,0,0
"Mollusca","Gastropoda","Ellobiida","Ellobiidae","Ellobium","Ellobium chinense","Test",8.89562962713648,8.10647192761984,NA,0,0,0,0,0,0,0,0
"Annelida","Polychaeta","Terebellida","Flabelligeridae","Flabesymbios","Flabesymbios commensalis","Test",6.9985096422506,7.08714887104793,NA,0,0,0,0,0,0,0,0
"Mollusca","Gastropoda","Cephalaspidea","Gastropteridae","Gastropteron","Gastropteron pacificum","Test",5.89989735358249,6.3733582312755,NA,0,0,0,0,0,0,0,0
"Arthropoda (Chelicerata)","Arachnida","Mesostigmata","Phytoseiidae","Neoseiulus","Neoseiulus californicus","Test",4.54619836417616,3.63472995797894,NA,0,0,0,0,0,0,0,0
"Platyhelminthes","Rhabditophora","Tricladida","Geoplanidae","Platydemus","Platydemus manokwari","Test",6.59304453414244,4.94676125491249,NA,0,0,0,0,0,0,0,0
"Acanthocephala","Palaeacanthocephala","Echinorhynchida","Pomphorhynchidae","Pomphorhynchus","Pomphorhynchus laevis","Test",5.41387570718231,5.05204707396047,NA,0,0,0,0,0,0,0,2
"Nematoda","Enoplea","Trichinellida","Trichuridae","Trichuris","Trichuris muris","Test",5.05145728861651,5.71190896369142,NA,0,0,0,0,0,0,0,1
